{
  "project_info": {
    "project_number": "906670654198",
    "project_id": "note-5e70d",
    "storage_bucket": "note-5e70d.appspot.com"
  },
  "client": [
    {
      "client_info": {
        "mobilesdk_app_id": "1:906670654198:android:9c8a779874e5ad1158e2d7",
        "android_client_info": {
          "package_name": "com.example.appnotev8"
        }
      },
      "oauth_client": [
        {
          "client_id": "906670654198-t8ojce5vvfb6512j0g1o92j4b4sq99q8.apps.googleusercontent.com",
          "client_type": 3
        }
      ],
      "api_key": [
        {
          "current_key": "AIzaSyDa6P3jsj67PW_9QaMv0gdMkxmQ1SaLVbY"
        }
      ],
      "services": {
        "appinvite_service": {
          "other_platform_oauth_client": [
            {
              "client_id": "906670654198-t8ojce5vvfb6512j0g1o92j4b4sq99q8.apps.googleusercontent.com",
              "client_type": 3
            }
          ]
        }
      }
    },
    {
      "client_info": {
        "mobilesdk_app_id": "1:906670654198:android:725bc35aa3b2a9fa58e2d7",
        "android_client_info": {
          "package_name": "com.example.note"
        }
      },
      "oauth_client": [
        {
          "client_id": "906670654198-t8ojce5vvfb6512j0g1o92j4b4sq99q8.apps.googleusercontent.com",
          "client_type": 3
        }
      ],
      "api_key": [
        {
          "current_key": "AIzaSyDa6P3jsj67PW_9QaMv0gdMkxmQ1SaLVbY"
        }
      ],
      "services": {
        "appinvite_service": {
          "other_platform_oauth_client": [
            {
              "client_id": "906670654198-t8ojce5vvfb6512j0g1o92j4b4sq99q8.apps.googleusercontent.com",
              "client_type": 3
            }
          ]
        }
      }
    }
  ],
  "configuration_version": "1"
}